model,square,round,hypothesis,config,val_MAE,val_RMSE,val_MAPE_%,val_WAPE_%,train_s,epochs,best_epoch,n_params,converged
SARIMAX,5161,0,baseline configuration,"{""K_daily"": 6, ""K_weekly"": 3, ""p"": 2, ""q"": 0}",99.6089,151.3784,7.9224,5.8698,90.7,,,23,False
SARIMAX,5161,1,PACF is dominated by lags 1-3: find the smallest ARMA order that captures short-term dependence,"{""K_daily"": 6, ""K_weekly"": 3, ""p"": 1, ""q"": 0}",105.286,159.8065,8.5474,6.2043,53.9,,,22,False
SARIMAX,5161,1,PACF is dominated by lags 1-3: find the smallest ARMA order that captures short-term dependence,"{""K_daily"": 6, ""K_weekly"": 3, ""p"": 3, ""q"": 0}",98.0494,148.3176,7.6249,5.7779,95.7,,,24,False
SARIMAX,5161,1,PACF is dominated by lags 1-3: find the smallest ARMA order that captures short-term dependence,"{""K_daily"": 6, ""K_weekly"": 3, ""p"": 2, ""q"": 1}",105.4817,160.3651,8.5756,6.2159,92.2,,,24,False
SARIMAX,5161,2,Daily seasonality is very strong (strength 0.94) and non-sinusoidal: test how many daily harmonics are needed,"{""K_daily"": 4, ""K_weekly"": 3, ""p"": 3, ""q"": 0}",98.4116,147.8884,7.6154,5.7993,83.2,,,20,False
SARIMAX,5161,2,Daily seasonality is very strong (strength 0.94) and non-sinusoidal: test how many daily harmonics are needed,"{""K_daily"": 10, ""K_weekly"": 3, ""p"": 3, ""q"": 0}",100.0416,150.3546,7.6585,5.8953,127.0,,,32,False
SARIMAX,5161,3,Weekly strength 0.72 and ACF(1 week) > ACF(2-6 days): test how much weekly shape is needed,"{""K_daily"": 4, ""K_weekly"": 1, ""p"": 3, ""q"": 0}",98.0118,148.1519,7.5841,5.7757,65.4,,,16,False
SARIMAX,5161,3,Weekly strength 0.72 and ACF(1 week) > ACF(2-6 days): test how much weekly shape is needed,"{""K_daily"": 4, ""K_weekly"": 5, ""p"": 3, ""q"": 0}",98.0607,147.7979,7.6019,5.7786,94.6,,,24,False
LSTM,5161,0,baseline configuration,"{""L"": 144, ""batch"": 128, ""dropout"": 0.1, ""layers"": 1, ""lr"": 0.001, ""units"": 64}",171.0554,267.8133,10.6122,10.08,17.1,24.0,18.0,18241,
LSTM,5161,1,"PACF suggests short memory (6 h may suffice) but ACF peaks at 1 day: compare 6 h, 1 day, 2 days of context","{""L"": 36, ""batch"": 128, ""dropout"": 0.1, ""layers"": 1, ""lr"": 0.001, ""units"": 64}",156.7802,248.0484,10.1329,9.2388,10.8,22.0,16.0,18241,
LSTM,5161,1,"PACF suggests short memory (6 h may suffice) but ACF peaks at 1 day: compare 6 h, 1 day, 2 days of context","{""L"": 288, ""batch"": 128, ""dropout"": 0.1, ""layers"": 1, ""lr"": 0.001, ""units"": 64}",178.0109,278.4316,11.147,10.4899,9.7,13.0,7.0,18241,
LSTM,5161,2,Capacity: is the model under- or over-fitting?,"{""L"": 36, ""batch"": 128, ""dropout"": 0.1, ""layers"": 1, ""lr"": 0.001, ""units"": 32}",208.1956,318.0036,13.2497,12.2687,9.0,19.0,13.0,5025,
LSTM,5161,2,Capacity: is the model under- or over-fitting?,"{""L"": 36, ""batch"": 128, ""dropout"": 0.1, ""layers"": 1, ""lr"": 0.001, ""units"": 128}",148.8409,228.8643,10.2801,8.771,9.7,20.0,14.0,69249,
LSTM,5161,3,Does a second recurrent layer add useful non-linear structure?,"{""L"": 36, ""batch"": 128, ""dropout"": 0.1, ""layers"": 2, ""lr"": 0.001, ""units"": 128}",155.5822,241.7167,10.2233,9.1682,15.6,28.0,22.0,200833,
LSTM,5161,4,Optimisation: check sensitivity to the learning rate,"{""L"": 36, ""batch"": 128, ""dropout"": 0.1, ""layers"": 1, ""lr"": 0.0003, ""units"": 128}",174.3792,269.14,11.8687,10.2759,13.2,31.0,25.0,69249,
LSTM,5161,4,Optimisation: check sensitivity to the learning rate,"{""L"": 36, ""batch"": 128, ""dropout"": 0.1, ""layers"": 1, ""lr"": 0.003, ""units"": 128}",122.5923,188.4596,8.7636,7.2242,11.9,28.0,22.0,69249,
TCN,5161,0,baseline configuration,"{""L"": 288, ""batch"": 128, ""dropout"": 0.1, ""filters"": 32, ""kernel"": 3, ""levels"": 6, ""lr"": 0.001}",145.8883,230.4888,10.1836,8.597,43.2,23.0,17.0,37505,
TCN,5161,1,Receptive field 61 / 125 / 253 steps: must it cover a full daily cycle (144 steps)?,"{""L"": 288, ""batch"": 128, ""dropout"": 0.1, ""filters"": 32, ""kernel"": 3, ""levels"": 4, ""lr"": 0.001}",247.952,362.3014,16.5434,14.6114,20.6,13.0,7.0,25089,
TCN,5161,1,Receptive field 61 / 125 / 253 steps: must it cover a full daily cycle (144 steps)?,"{""L"": 288, ""batch"": 128, ""dropout"": 0.1, ""filters"": 32, ""kernel"": 3, ""levels"": 5, ""lr"": 0.001}",225.5908,341.8519,12.4954,13.2937,39.3,32.0,26.0,31297,
TCN,5161,2,Capacity (number of filters per layer),"{""L"": 288, ""batch"": 128, ""dropout"": 0.1, ""filters"": 16, ""kernel"": 3, ""levels"": 6, ""lr"": 0.001}",199.4952,327.2861,12.4025,11.756,41.7,31.0,25.0,9537,
TCN,5161,2,Capacity (number of filters per layer),"{""L"": 288, ""batch"": 128, ""dropout"": 0.1, ""filters"": 64, ""kernel"": 3, ""levels"": 6, ""lr"": 0.001}",166.4738,256.3682,10.2633,9.8101,76.2,32.0,26.0,148737,
TCN,5161,3,Regularisation: is the model over-fitting the training weeks?,"{""L"": 288, ""batch"": 128, ""dropout"": 0.0, ""filters"": 32, ""kernel"": 3, ""levels"": 6, ""lr"": 0.001}",159.6085,246.0994,11.3444,9.4055,29.7,21.0,15.0,37505,
TCN,5161,3,Regularisation: is the model over-fitting the training weeks?,"{""L"": 288, ""batch"": 128, ""dropout"": 0.2, ""filters"": 32, ""kernel"": 3, ""levels"": 6, ""lr"": 0.001}",147.5762,227.3154,10.2632,8.6965,53.2,40.0,34.0,37505,
TCN,5161,4,Optimisation: check sensitivity to the learning rate,"{""L"": 288, ""batch"": 128, ""dropout"": 0.2, ""filters"": 32, ""kernel"": 3, ""levels"": 6, ""lr"": 0.0003}",153.0714,233.4305,11.7842,9.0203,61.6,51.0,45.0,37505,
TCN,5161,4,Optimisation: check sensitivity to the learning rate,"{""L"": 288, ""batch"": 128, ""dropout"": 0.2, ""filters"": 32, ""kernel"": 3, ""levels"": 6, ""lr"": 0.003}",143.721,222.7347,10.1286,8.4693,42.9,27.0,21.0,37505,
LSTM,5161,5,Persistence beat the direct NNs (ACF lag-1 = 0.98): predict the change from the last value instead of the level; 3 seeds to measure run-to-run variance,"{""L"": 36, ""batch"": 128, ""dropout"": 0.1, ""layers"": 1, ""lr"": 0.003, ""residual"": false, ""seed"": 42, ""units"": 128}",122.5923,188.4596,8.7636,7.2242,15.2,28.0,22.0,69249,
LSTM,5161,5,Persistence beat the direct NNs (ACF lag-1 = 0.98): predict the change from the last value instead of the level; 3 seeds to measure run-to-run variance,"{""L"": 36, ""batch"": 128, ""dropout"": 0.1, ""layers"": 1, ""lr"": 0.003, ""residual"": false, ""seed"": 7, ""units"": 128}",110.7545,174.5133,8.1276,6.5266,8.5,18.0,12.0,69249,
LSTM,5161,5,Persistence beat the direct NNs (ACF lag-1 = 0.98): predict the change from the last value instead of the level; 3 seeds to measure run-to-run variance,"{""L"": 36, ""batch"": 128, ""dropout"": 0.1, ""layers"": 1, ""lr"": 0.003, ""residual"": false, ""seed"": 123, ""units"": 128}",114.6734,173.9569,8.6916,6.7575,6.2,16.0,10.0,69249,
LSTM,5161,5,Persistence beat the direct NNs (ACF lag-1 = 0.98): predict the change from the last value instead of the level; 3 seeds to measure run-to-run variance,"{""L"": 36, ""batch"": 128, ""dropout"": 0.1, ""layers"": 1, ""lr"": 0.003, ""residual"": true, ""seed"": 42, ""units"": 128}",95.2178,147.1369,7.2932,5.611,13.9,33.0,27.0,69249,
LSTM,5161,5,Persistence beat the direct NNs (ACF lag-1 = 0.98): predict the change from the last value instead of the level; 3 seeds to measure run-to-run variance,"{""L"": 36, ""batch"": 128, ""dropout"": 0.1, ""layers"": 1, ""lr"": 0.003, ""residual"": true, ""seed"": 7, ""units"": 128}",96.1701,146.9899,7.3389,5.6672,17.9,40.0,34.0,69249,
LSTM,5161,5,Persistence beat the direct NNs (ACF lag-1 = 0.98): predict the change from the last value instead of the level; 3 seeds to measure run-to-run variance,"{""L"": 36, ""batch"": 128, ""dropout"": 0.1, ""layers"": 1, ""lr"": 0.003, ""residual"": true, ""seed"": 123, ""units"": 128}",99.3361,153.6449,7.2392,5.8537,13.8,33.0,27.0,69249,
TCN,5161,5,Persistence beat the direct NNs (ACF lag-1 = 0.98): predict the change from the last value instead of the level; 3 seeds to measure run-to-run variance,"{""L"": 288, ""batch"": 128, ""dropout"": 0.2, ""filters"": 32, ""kernel"": 3, ""levels"": 6, ""lr"": 0.003, ""residual"": false, ""seed"": 42}",133.0365,209.2337,9.7274,7.8396,59.4,21.0,15.0,37505,
TCN,5161,5,Persistence beat the direct NNs (ACF lag-1 = 0.98): predict the change from the last value instead of the level; 3 seeds to measure run-to-run variance,"{""L"": 288, ""batch"": 128, ""dropout"": 0.2, ""filters"": 32, ""kernel"": 3, ""levels"": 6, ""lr"": 0.003, ""residual"": false, ""seed"": 7}",310.3187,454.0921,16.5725,18.2866,49.9,41.0,35.0,37505,
TCN,5161,5,Persistence beat the direct NNs (ACF lag-1 = 0.98): predict the change from the last value instead of the level; 3 seeds to measure run-to-run variance,"{""L"": 288, ""batch"": 128, ""dropout"": 0.2, ""filters"": 32, ""kernel"": 3, ""levels"": 6, ""lr"": 0.003, ""residual"": false, ""seed"": 123}",200.2943,302.8684,11.2231,11.803,65.5,59.0,53.0,37505,
TCN,5161,5,Persistence beat the direct NNs (ACF lag-1 = 0.98): predict the change from the last value instead of the level; 3 seeds to measure run-to-run variance,"{""L"": 288, ""batch"": 128, ""dropout"": 0.2, ""filters"": 32, ""kernel"": 3, ""levels"": 6, ""lr"": 0.003, ""residual"": true, ""seed"": 42}",98.8157,155.7075,7.3235,5.8231,38.9,25.0,19.0,37505,
TCN,5161,5,Persistence beat the direct NNs (ACF lag-1 = 0.98): predict the change from the last value instead of the level; 3 seeds to measure run-to-run variance,"{""L"": 288, ""batch"": 128, ""dropout"": 0.2, ""filters"": 32, ""kernel"": 3, ""levels"": 6, ""lr"": 0.003, ""residual"": true, ""seed"": 7}",104.5817,160.4986,7.5747,6.1628,45.1,29.0,23.0,37505,
TCN,5161,5,Persistence beat the direct NNs (ACF lag-1 = 0.98): predict the change from the last value instead of the level; 3 seeds to measure run-to-run variance,"{""L"": 288, ""batch"": 128, ""dropout"": 0.2, ""filters"": 32, ""kernel"": 3, ""levels"": 6, ""lr"": 0.003, ""residual"": true, ""seed"": 123}",97.7105,152.1665,7.3363,5.7579,46.7,35.0,29.0,37505,
